{
    "polo_homme": [
        {
            "id": 1,
            "name": "polo Lacoste Homme Bleu",
            "price": 150,
            "colors": "bleu",
            "img_1": "polos/polo1/polo1-face.png",
            "img_2": "polos/polo1/polo1-1.png", 
            "available": true,
            "sizes": "S;M;L;XL"
        },
        {
            "id": 2,
            "name": "polo Lacoste Homme Blanc",
            "price": 130,
            "colors": "blanc",
            "img_1": "polos/polo2/polo2-face.png",
            "img_2": "polos/polo2/polo2-2.png", 
            "available": true,
            "sizes": "S;M;L;XL"
        },
        {
            "id": 3,
            "name": "polo Lacoste Homme Noir",
            "price": 110,
            "colors": "noir",
            "img_1": "polos/polo3/polo3-face.png",
            "img_2": "polos/polo3/polo3-3.png", 
            "available": false,
            "sizes": "S;M;L;XL"
        },
        {
            "id": 4,
            "name": "polo Lacoste Homme Rouge",
            "price": 95,
            "colors": "rouge",
            "img_1": "polos/polo4/polo4-face.png",
            "img_2": "polos/polo4/polo4-4.png", 
            "available": true,
            "sizes": "S;M;L;XL"
        },
        {
            "id": 5,
            "name": "polo Lacoste Homme Vert",
            "price": 140,
            "colors": "vert",
            "img_1": "polos/polo5/polo5-face.png",
            "img_2": "polos/polo5/polo5-5.png", 
            "available": true,
            "sizes": "S;M;L;XL"
        }
    ],
    "polo_femme": [
        {
            "id": 6,
            "name": "polo Lacoste Femme Bleu",
            "price": 99,
            "colors": "bleu",
            "img_1": "polos/polo6/poloF1-face.png", 
            "img_2": "polos/polo6/poloF-1.png", 
            "available": true,
            "sizes": "XS;S;M;L"
        },
        {
            "id": 7,
            "name": "polo Lacoste Femme Blanc",
            "price": 106,
            "colors": "blanc",
            "img_1": "polos/polo7/poloF2-face.png", 
            "img_2": "polos/polo7/poloF2-2.png", 
            "available": false,
            "sizes": "XS;S;M;L"
        },
        {
            "id": 8,
            "name": "polo Lacoste Femme Noir",
            "price": 105,
            "colors": "noir",
            "img_1": "polos/polo8/poloF3-face.png", 
            "img_2": "polos/polo8/poloF3-3.png", 
            "available": true,
            "sizes": "XS;S;M;L"
        },
        {
            "id": 9,
            "name": "polo Lacoste Femme Rouge",
            "price": 140,
            "colors": "rouge",
            "img_1": "polos/polo9/poloF4-face.png", 
            "img_2": "polos/polo9/poloF4-4.png", 
            "available": true,
            "sizes": "XS;S;M;L"
        },
        {
            "id": 10,
            "name": "polo Lacoste Femme Vert",
            "price": 140,
            "colors": "vert",
            "img_1": "polos/polo10/poloF5-face.png", 
            "img_2": "polos/polo10/poloF5-5.png", 
            "available": true,
            "sizes": "XS;S;M;L"
        }
    ]
}