{
    "polo_homme": [
        {
            "id": 1,
            "name": "polo Lacoste Homme",
            "price": 15,
            "colors": "bleu",
            "img_1": "polos/polo1/polo1-face.png",
            "img_2": "polos/polo1/polo1-1.png", 
            "reduction": 0,
            "available": true,
            "sizes": "S;M;L;XL"
        },
        {
            "id": 2,
            "name": "polo Lacoste Homme ",
            "price": 13,
            "colors": "Noir",
            "img_1": "polos/polo2/polo2-face.png",
            "img_2": "polos/polo2/polo2-2.png", 
            "reduction": 0,
            "available": true,
            "sizes": "S;M;L;XL"
        },
        {
            "id": 3,
            "name": "polo Lacoste Homme ",
            "price": 11,
            "colors": "beige",
            "img_1": "polos/polo3/polo3-face.png",
            "img_2": "polos/polo3/polo3-3.png",
            "reduction": 10,
            "available": false,
            "sizes": "S;M;L;XL"
        },
        {
            "id": 4,
            "name": "polo Lacoste Homme",
            "price": 9,
            "colors": "Blanc/Jaune",
            "img_1": "polos/polo4/polo4-face.png",
            "img_2": "polos/polo4/polo4-4.png", 
            "reduction": 15,
            "available": true,
            "sizes": "S;M;L;XL"
        },
        {
            "id": 5,
            "name": "polo Lacoste Homme ",
            "price": 40,
            "colors": "Gris",
            "img_1": "polos/polo5/polo5-face.png",
            "img_2": "polos/polo5/polo5-5.png", 
            "reduction": 0,
            "available": true,
            "sizes": "S;M;L;XL"
        }
    ],
    "polo_femme": [
        {
            "id": 6,
            "name": "polo Lacoste Femme ",
            "price": 19,
            "colors": "Bleu",
            "img_1": "polos/polo6/poloF1-face.png", 
            "img_2": "polos/polo6/poloF-1.png", 
            "reduction": 0,
            "available": true,
            "sizes": "XS;S;M;L"
        },
        {
            "id": 7,
            "name": "polo Lacoste Femme ",
            "price": 70,
            "colors": "Blanc",
            "img_1": "polos/polo7/poloF2-face.png", 
            "img_2": "polos/polo7/poloF2-2.png", 
            "reduction": 3,
            "available": false,
            "sizes": "XS;S;M;L"
        },
        {
            "id": 8,
            "name": "Zip Lacoste Femme ",
            "price": 15,
            "colors": "Bleu",
            "img_1": "polos/polo8/poloF3-face.png", 
            "img_2": "polos/polo8/poloF3-3.png", 
            "reduction": 5,
            "available": true,
            "sizes": "XS;S;M;L"
        },
        {
            "id": 9,
            "name": "Zip Lacoste Femme ",
            "price": 10,
            "colors": "Vert",
            "img_1": "polos/polo9/poloF4-face.png", 
            "img_2": "polos/polo9/poloF4-4.png", 
            "reduction": 7,
            "available": true,
            "sizes": "XS;S;M;L"
        },
        {
            "id": 10,
            "name": "Sweat Lacoste Femme ",
            "price": 10,
            "colors": "Bleu",
            "img_1": "polos/polo10/poloF5-face.png", 
            "img_2": "polos/polo10/poloF5-5.png", 
            "reduction": 0,
            "available": true,
            "sizes": "XS;S;M;L"
        }
    ]
}